target,prediction
20.039897918701172, 1.6812412738800049
1.3504787683486938, 1.707570195198059
1.8661377429962158, 1.8450980186462402
1.8354674577713013, 1.6020599603652954
3.7052316665649414, 1.3010300397872925
1.9850242137908936, 2.0211892127990723
2.114579439163208, 1.7403626441955566
2.279067039489746, 1.4471579790115356
0.9700385928153992, 1.4913617372512817
