target,prediction
10.692488670349121, 45.70000076293945
10.139052391052246, 17.989999771118164
11.042438507080078, 7.159999847412109
19.953962326049805, 7.119999885559082
11.33891487121582, 9.239999771118164
10.189370155334473, 7.880000114440918
11.851484298706055, 6.730000019073486
9.496646881103516, 6.230000019073486
9.965038299560547, 6.21999979019165
